apple.png,dishes.png,kitchen.png,pot-2.png,
apple-1.png,doughnut.png,knife.png,potatoes.png,
asparagus.png,doughnut-1.png,knife-1.png,potatoes-1.png,
aubergine.png,doughnut-2.png,knife-2.png,potatoes-2.png,
avocado.png,egg.png,knife-3.png,pretzel.png,
bacon.png,eggs.png,knives.png,pudding.png,
baguette.png,fig.png,ladle.png,pumpkin.png,
banana.png,fish.png,lemon.png,radish.png,
beans.png,flour.png,lemon-1.png,raspberry.png,
biscuit.png,flour-1.png,lime.png,rice.png,
blueberries.png,food.png,meat.png,risotto.png,
boiled.png,fork.png,meat-1.png,rolling-pin.png,
bowl.png,frappe.png,meat-2.png,salad.png,
bowl-1.png,fries.png,milk.png,salad-1.png,
bread.png,garlic.png,milk-1.png,salami.png,
bread-1.png,gingerbread.png,mixer.png,salmon.png,
bread-2.png,glass.png,mug.png,salt.png,
broccoli.png,glass-1.png,mushroom.png,sandwich.png,
butcher.png,glass-2.png,mushrooms.png,sandwich-1.png,
butter.png,glass-3.png,mustard.png,sausage.png,
cabbage.png,glass-4.png,mustard-1.png,scale.png,
cake.png,glass-5.png,mustard-2.png,seeds.png,
can.png,glass-6.png,noodles.png,shrimp.png,
can-1.png,grain.png,oat.png,slotted-spoon.png,
can-2.png,grapes.png,octopus.png,sorbet.png,
candy.png,grater.png,oil.png,spaguetti.png,
candy-1.png,grinder.png,olives.png,spatula.png,
carrot.png,groceries.png,onion.png,spatula-1.png,
cauliflower.png,ham.png,onion-1.png,spices.png,
cereals.png,hamburguer.png,orange.png,spoon.png,
cheese.png,hamburguer-1.png,ornating.png,steak.png,
cheese-1.png,hazelnut.png,pan.png,stew.png,
chef.png,honey.png,pancakes.png,stew-1.png,
cherries.png,honey-1.png,pancakes-1.png,strainer.png,
chili.png,hot-dog.png,pasta.png,strawberry.png,
chips.png,hot-dog-1.png,pasta-1.png,sushi.png,
chives.png,ice-cream.png,peach.png,sushi-1.png,
chocolate.png,ice-cream-1.png,pear.png,sushi-2.png,
coconut.png,ice-cream-10.png,peas.png,taco.png,
coffee.png,ice-cream-11.png,pepper.png,tea.png,
coffee-1.png,ice-cream-12.png,pepper-1.png,tea-1.png,
coffee-2.png,ice-cream-13.png,pickles.png,teapot.png,
coffee-3.png,ice-cream-14.png,pie.png,teapot-1.png,
coffee-4.png,ice-cream-2.png,pie-1.png,teaspoon.png,
coffee-maker.png,ice-cream-3.png,pie-2.png,tenderizer.png,
cookies.png,ice-cream-4.png,pineapple.png,thermos.png,
corckscrew.png,ice-cream-5.png,pint.png,toast.png,
corn.png,ice-cream-6.png,pistachio.png,toaster.png,
corndog.png,ice-cream-7.png,pizza.png,toffee.png,
croissant.png,ice-cream-8.png,pizza-1.png,tomato.png,
cucumber.png,ice-cream-9.png,pizza-2.png,turkey.png,
cup.png,jam.png,pizza-3.png,water.png,
cupcake.png,jam-1.png,pizza-4.png,water-1.png,
cupcake-1.png,jawbreaker.png,pizza-5.png,watermelon.png,
cupcake-2.png,jelly.png,pomegranate.png,whisk.png,
cutlery.png,kebab.png,popsicle.png,wrap.png,
dairy.png,kebab-1.png,pot.png,
dish.png,kebab-2.png,pot-1.png,
